{
  "schema": "v1",
  "enabled": true,
  "name": "Abyssal Raze",
  "anchor": {
    "Screen": "BottomCenter"
  },
  "pos": [
    0.0,
    0.0
  ],
  "opacity": 1.0,
  "trigger": {
    "source": {
      "type": "Inherit"
    },
    "threshold": {
      "threshold_type": "Always",
      "amount_type": "Intensity"
    }
  },
  "filter": {
    "player": {
      "combat": null,
      "specs": [],
      "weapons": [],
      "traits": [],
      "mounts": [
        "None"
      ]
    },
    "map": {
      "category": [],
      "whitelist": true,
      "ids": []
    }
  },
  "animation": null,
  "layer": 0,
  "elements": [
    {
      "enabled": false,
      "name": "Interface Larger",
      "anchor": "Parent",
      "pos": [
        0.0,
        0.0
      ],
      "opacity": 1.0,
      "trigger": {
        "source": {
          "type": "Inherit"
        },
        "threshold": {
          "threshold_type": "Always",
          "amount_type": "Intensity"
        }
      },
      "filter": {
        "player": {
          "combat": null,
          "specs": [],
          "weapons": [],
          "traits": [],
          "mounts": []
        },
        "map": {
          "category": [],
          "whitelist": true,
          "ids": []
        }
      },
      "animation": null,
      "type": "Group",
      "members": [
        {
          "enabled": true,
          "name": "Bar",
          "anchor": "Parent",
          "pos": [
            -372.0,
            -200.0
          ],
          "opacity": 1.0,
          "trigger": {
            "source": {
              "type": "Inherit"
            },
            "threshold": {
              "threshold_type": "Always",
              "amount_type": "Intensity"
            }
          },
          "filter": {
            "player": {
              "combat": null,
              "specs": [
                "Revenant",
                "Herald",
                "Renegade",
                "Vindicator",
                "Conduit"
              ],
              "weapons": [],
              "traits": [],
              "mounts": []
            },
            "map": {
              "category": [],
              "whitelist": true,
              "ids": []
            }
          },
          "animation": null,
          "type": "Group",
          "members": [
            {
              "enabled": true,
              "name": "Abyssal Raze Duration",
              "anchor": "Parent",
              "pos": [
                0.0,
                0.0
              ],
              "opacity": 1.0,
              "trigger": {
                "source": {
                  "type": "Buff",
                  "combatant": "Player",
                  "ids": [
                    72962
                  ]
                },
                "threshold": {
                  "threshold_type": {
                    "Between": [
                      0.001,
                      5.0
                    ]
                  },
                  "amount_type": "Duration"
                }
              },
              "filter": {
                "player": {
                  "combat": null,
                  "specs": [],
                  "weapons": [
                    "Spear"
                  ],
                  "traits": [],
                  "mounts": []
                },
                "map": {
                  "category": [],
                  "whitelist": true,
                  "ids": []
                }
              },
              "animation": null,
              "type": "Bar",
              "progress_kind": "Duration",
              "max": 25.0,
              "lower_bound": 0.0,
              "upper_bound": 1.0,
              "fill": [
                0.895493,
                0.87750006,
                0.9661836,
                1.0
              ],
              "background": [
                0.0,
                0.0,
                0.0,
                0.39613527
              ],
              "border_size": 0.0,
              "border_color": [
                0.000001,
                4.1062802e-7,
                4.1062802e-7,
                1.0
              ],
              "tick_size": 1.0,
              "tick_color": [
                0.0,
                0.0,
                0.0,
                1.0
              ],
              "conditions": [],
              "size": [
                71.999985,
                6.0
              ],
              "align": "Right",
              "direction": "Right",
              "tick_unit": "Percent",
              "ticks": []
            }
          ]
        },
        {
          "enabled": true,
          "name": "Stacks",
          "anchor": "Parent",
          "pos": [
            -359.99994,
            -220.0
          ],
          "opacity": 1.0,
          "trigger": {
            "source": {
              "type": "Inherit"
            },
            "threshold": {
              "threshold_type": "Always",
              "amount_type": "Intensity"
            }
          },
          "filter": {
            "player": {
              "combat": null,
              "specs": [],
              "weapons": [],
              "traits": [],
              "mounts": []
            },
            "map": {
              "category": [],
              "whitelist": true,
              "ids": []
            }
          },
          "animation": null,
          "type": "Group",
          "members": [
            {
              "enabled": true,
              "name": "Empty",
              "anchor": "Parent",
              "pos": [
                0.0,
                0.0
              ],
              "opacity": 1.0,
              "trigger": {
                "source": {
                  "type": "Ability",
                  "ids": [
                    73015
                  ]
                },
                "threshold": {
                  "threshold_type": "Always",
                  "amount_type": "Intensity"
                }
              },
              "filter": {
                "player": {
                  "combat": null,
                  "specs": [],
                  "weapons": [],
                  "traits": [],
                  "mounts": []
                },
                "map": {
                  "category": [],
                  "whitelist": true,
                  "ids": []
                }
              },
              "animation": null,
              "type": "IconList",
              "layout": "Dynamic",
              "direction": "Right",
              "size": [
                28.799995,
                28.799995
              ],
              "pad": -4.799999,
              "icons": [
                {
                  "enabled": true,
                  "name": "Pip",
                  "trigger": {
                    "source": {
                      "type": "Inherit"
                    },
                    "threshold": {
                      "threshold_type": "Present",
                      "amount_type": "Intensity"
                    }
                  },
                  "filter": {
                    "player": {
                      "combat": null,
                      "specs": [],
                      "weapons": [],
                      "traits": [],
                      "mounts": []
                    },
                    "map": {
                      "category": [],
                      "whitelist": true,
                      "ids": []
                    }
                  },
                  "icon": {
                    "File": "Revenant Spear\\Empty.png"
                  },
                  "tint": [
                    1.0,
                    0.99999,
                    0.99999,
                    1.0
                  ],
                  "zoom": 1.0,
                  "round": 0.0,
                  "border_size": 0.0,
                  "border_color": [
                    0.0,
                    0.0,
                    0.0,
                    1.0
                  ],
                  "conditions": [],
                  "duration_bar": false,
                  "duration_text": false,
                  "stacks_text": false
                },
                {
                  "enabled": true,
                  "name": "Pip",
                  "trigger": {
                    "source": {
                      "type": "Inherit"
                    },
                    "threshold": {
                      "threshold_type": "Present",
                      "amount_type": "Intensity"
                    }
                  },
                  "filter": {
                    "player": {
                      "combat": null,
                      "specs": [],
                      "weapons": [],
                      "traits": [],
                      "mounts": []
                    },
                    "map": {
                      "category": [],
                      "whitelist": true,
                      "ids": []
                    }
                  },
                  "icon": {
                    "File": "Revenant Spear\\Empty.png"
                  },
                  "tint": [
                    1.0,
                    0.99999,
                    0.99999,
                    1.0
                  ],
                  "zoom": 1.0,
                  "round": 0.0,
                  "border_size": 0.0,
                  "border_color": [
                    0.0,
                    0.0,
                    0.0,
                    1.0
                  ],
                  "conditions": [],
                  "duration_bar": false,
                  "duration_text": false,
                  "stacks_text": false
                },
                {
                  "enabled": true,
                  "name": "Pip",
                  "trigger": {
                    "source": {
                      "type": "Inherit"
                    },
                    "threshold": {
                      "threshold_type": "Present",
                      "amount_type": "Intensity"
                    }
                  },
                  "filter": {
                    "player": {
                      "combat": null,
                      "specs": [],
                      "weapons": [],
                      "traits": [],
                      "mounts": []
                    },
                    "map": {
                      "category": [],
                      "whitelist": true,
                      "ids": []
                    }
                  },
                  "icon": {
                    "File": "Revenant Spear\\Empty.png"
                  },
                  "tint": [
                    1.0,
                    0.99999,
                    0.99999,
                    1.0
                  ],
                  "zoom": 1.0,
                  "round": 0.0,
                  "border_size": 0.0,
                  "border_color": [
                    0.0,
                    0.0,
                    0.0,
                    1.0
                  ],
                  "conditions": [],
                  "duration_bar": false,
                  "duration_text": false,
                  "stacks_text": false
                }
              ]
            },
            {
              "enabled": true,
              "name": "Filled",
              "anchor": "Parent",
              "pos": [
                0.0,
                0.0
              ],
              "opacity": 1.0,
              "trigger": {
                "source": {
                  "type": "Always"
                },
                "threshold": {
                  "threshold_type": "Always",
                  "amount_type": "Intensity"
                }
              },
              "filter": {
                "player": {
                  "combat": null,
                  "specs": [],
                  "weapons": [],
                  "traits": [],
                  "mounts": []
                },
                "map": {
                  "category": [],
                  "whitelist": true,
                  "ids": []
                }
              },
              "animation": null,
              "type": "IconList",
              "layout": "Dynamic",
              "direction": "Right",
              "size": [
                28.799995,
                28.799995
              ],
              "pad": -4.799999,
              "icons": [
                {
                  "enabled": true,
                  "name": "Pip",
                  "trigger": {
                    "source": {
                      "type": "Buff",
                      "combatant": "Player",
                      "ids": [
                        72962
                      ]
                    },
                    "threshold": {
                      "threshold_type": {
                        "Above": 1.0
                      },
                      "amount_type": "Intensity"
                    }
                  },
                  "filter": {
                    "player": {
                      "combat": null,
                      "specs": [],
                      "weapons": [],
                      "traits": [],
                      "mounts": []
                    },
                    "map": {
                      "category": [],
                      "whitelist": true,
                      "ids": []
                    }
                  },
                  "icon": {
                    "File": "Revenant Spear\\Filled.png"
                  },
                  "tint": [
                    1.0,
                    0.99999,
                    0.99999,
                    1.0
                  ],
                  "zoom": 1.0,
                  "round": 0.0,
                  "border_size": 0.0,
                  "border_color": [
                    0.0,
                    0.0,
                    0.0,
                    1.0
                  ],
                  "conditions": [],
                  "duration_bar": false,
                  "duration_text": false,
                  "stacks_text": false
                },
                {
                  "enabled": true,
                  "name": "Pip",
                  "trigger": {
                    "source": {
                      "type": "Buff",
                      "combatant": "Player",
                      "ids": [
                        72962
                      ]
                    },
                    "threshold": {
                      "threshold_type": {
                        "Above": 2.0
                      },
                      "amount_type": "Intensity"
                    }
                  },
                  "filter": {
                    "player": {
                      "combat": null,
                      "specs": [],
                      "weapons": [],
                      "traits": [],
                      "mounts": []
                    },
                    "map": {
                      "category": [],
                      "whitelist": true,
                      "ids": []
                    }
                  },
                  "icon": {
                    "File": "Revenant Spear\\Filled.png"
                  },
                  "tint": [
                    1.0,
                    0.99999,
                    0.99999,
                    1.0
                  ],
                  "zoom": 1.0,
                  "round": 0.0,
                  "border_size": 0.0,
                  "border_color": [
                    0.0,
                    0.0,
                    0.0,
                    1.0
                  ],
                  "conditions": [],
                  "duration_bar": false,
                  "duration_text": false,
                  "stacks_text": false
                },
                {
                  "enabled": true,
                  "name": "Pip",
                  "trigger": {
                    "source": {
                      "type": "Buff",
                      "combatant": "Player",
                      "ids": [
                        72962
                      ]
                    },
                    "threshold": {
                      "threshold_type": {
                        "Above": 3.0
                      },
                      "amount_type": "Intensity"
                    }
                  },
                  "filter": {
                    "player": {
                      "combat": null,
                      "specs": [],
                      "weapons": [],
                      "traits": [],
                      "mounts": []
                    },
                    "map": {
                      "category": [],
                      "whitelist": true,
                      "ids": []
                    }
                  },
                  "icon": {
                    "File": "Revenant Spear\\Filled.png"
                  },
                  "tint": [
                    1.0,
                    0.99999,
                    0.99999,
                    1.0
                  ],
                  "zoom": 1.0,
                  "round": 0.0,
                  "border_size": 0.0,
                  "border_color": [
                    0.0,
                    0.0,
                    0.0,
                    1.0
                  ],
                  "conditions": [],
                  "duration_bar": false,
                  "duration_text": false,
                  "stacks_text": false
                }
              ]
            }
          ]
        },
        {
          "enabled": true,
          "name": "Abyssal Raze Highlight",
          "anchor": "Parent",
          "pos": [
            -92.0,
            -59.0
          ],
          "opacity": 1.0,
          "trigger": {
            "source": {
              "type": "Ability",
              "ids": [
                73059
              ]
            },
            "threshold": {
              "threshold_type": {
                "Above": 3.0
              },
              "amount_type": "Intensity"
            }
          },
          "filter": {
            "player": {
              "combat": true,
              "specs": [],
              "weapons": [],
              "traits": [],
              "mounts": []
            },
            "map": {
              "category": [],
              "whitelist": true,
              "ids": []
            }
          },
          "animation": {
            "kind": "Pulse",
            "period": 1000
          },
          "type": "Icon",
          "icon": {
            "File": "HighLight.png"
          },
          "tint": [
            1.0,
            0.91374284,
            0.45893723,
            1.0
          ],
          "zoom": 1.0,
          "round": 0.0,
          "border_size": 0.0,
          "border_color": [
            0.0,
            0.0,
            0.0,
            1.0
          ],
          "conditions": [],
          "duration_bar": false,
          "duration_text": false,
          "stacks_text": false,
          "size": [
            64.0,
            64.0
          ]
        }
      ]
    },
    {
      "enabled": false,
      "name": "Interface Large",
      "anchor": "Parent",
      "pos": [
        0.0,
        0.0
      ],
      "opacity": 1.0,
      "trigger": {
        "source": {
          "type": "Inherit"
        },
        "threshold": {
          "threshold_type": "Always",
          "amount_type": "Intensity"
        }
      },
      "filter": {
        "player": {
          "combat": null,
          "specs": [],
          "weapons": [],
          "traits": [],
          "mounts": []
        },
        "map": {
          "category": [],
          "whitelist": true,
          "ids": []
        }
      },
      "animation": null,
      "type": "Group",
      "members": [
        {
          "enabled": true,
          "name": "Bar",
          "anchor": "Parent",
          "pos": [
            -339.0,
            -183.0
          ],
          "opacity": 1.0,
          "trigger": {
            "source": {
              "type": "Inherit"
            },
            "threshold": {
              "threshold_type": "Always",
              "amount_type": "Intensity"
            }
          },
          "filter": {
            "player": {
              "combat": null,
              "specs": [
                "Revenant",
                "Herald",
                "Renegade",
                "Vindicator",
                "Conduit"
              ],
              "weapons": [],
              "traits": [],
              "mounts": []
            },
            "map": {
              "category": [],
              "whitelist": true,
              "ids": []
            }
          },
          "animation": null,
          "type": "Group",
          "members": [
            {
              "enabled": true,
              "name": "Abyssal Raze Duration",
              "anchor": "Parent",
              "pos": [
                0.0,
                0.0
              ],
              "opacity": 1.0,
              "trigger": {
                "source": {
                  "type": "Buff",
                  "combatant": "Player",
                  "ids": [
                    72962
                  ]
                },
                "threshold": {
                  "threshold_type": {
                    "Between": [
                      0.001,
                      5.0
                    ]
                  },
                  "amount_type": "Duration"
                }
              },
              "filter": {
                "player": {
                  "combat": null,
                  "specs": [],
                  "weapons": [
                    "Spear"
                  ],
                  "traits": [],
                  "mounts": []
                },
                "map": {
                  "category": [],
                  "whitelist": true,
                  "ids": []
                }
              },
              "animation": null,
              "type": "Bar",
              "progress_kind": "Duration",
              "max": 25.0,
              "lower_bound": 0.0,
              "upper_bound": 1.0,
              "fill": [
                0.895493,
                0.87750006,
                0.9661836,
                1.0
              ],
              "background": [
                0.0,
                0.0,
                0.0,
                0.39613527
              ],
              "border_size": 0.0,
              "border_color": [
                0.000001,
                4.1062802e-7,
                4.1062802e-7,
                1.0
              ],
              "tick_size": 1.0,
              "tick_color": [
                0.0,
                0.0,
                0.0,
                1.0
              ],
              "conditions": [],
              "size": [
                65.99999,
                6.5999994
              ],
              "align": "Right",
              "direction": "Right",
              "tick_unit": "Percent",
              "ticks": []
            }
          ]
        },
        {
          "enabled": true,
          "name": "Stacks",
          "anchor": "Parent",
          "pos": [
            -328.0,
            -202.0
          ],
          "opacity": 1.0,
          "trigger": {
            "source": {
              "type": "Inherit"
            },
            "threshold": {
              "threshold_type": "Always",
              "amount_type": "Intensity"
            }
          },
          "filter": {
            "player": {
              "combat": null,
              "specs": [],
              "weapons": [],
              "traits": [],
              "mounts": []
            },
            "map": {
              "category": [],
              "whitelist": true,
              "ids": []
            }
          },
          "animation": null,
          "type": "Group",
          "members": [
            {
              "enabled": true,
              "name": "Empty",
              "anchor": "Parent",
              "pos": [
                0.0,
                0.0
              ],
              "opacity": 1.0,
              "trigger": {
                "source": {
                  "type": "Ability",
                  "ids": [
                    73015
                  ]
                },
                "threshold": {
                  "threshold_type": "Always",
                  "amount_type": "Intensity"
                }
              },
              "filter": {
                "player": {
                  "combat": null,
                  "specs": [],
                  "weapons": [],
                  "traits": [],
                  "mounts": []
                },
                "map": {
                  "category": [],
                  "whitelist": true,
                  "ids": []
                }
              },
              "animation": null,
              "type": "IconList",
              "layout": "Dynamic",
              "direction": "Right",
              "size": [
                26.399998,
                26.399998
              ],
              "pad": -4.3999996,
              "icons": [
                {
                  "enabled": true,
                  "name": "Pip",
                  "trigger": {
                    "source": {
                      "type": "Inherit"
                    },
                    "threshold": {
                      "threshold_type": "Present",
                      "amount_type": "Intensity"
                    }
                  },
                  "filter": {
                    "player": {
                      "combat": null,
                      "specs": [],
                      "weapons": [],
                      "traits": [],
                      "mounts": []
                    },
                    "map": {
                      "category": [],
                      "whitelist": true,
                      "ids": []
                    }
                  },
                  "icon": {
                    "File": "Revenant Spear\\Empty.png"
                  },
                  "tint": [
                    1.0,
                    0.99999,
                    0.99999,
                    1.0
                  ],
                  "zoom": 1.0,
                  "round": 0.0,
                  "border_size": 0.0,
                  "border_color": [
                    0.0,
                    0.0,
                    0.0,
                    1.0
                  ],
                  "conditions": [],
                  "duration_bar": false,
                  "duration_text": false,
                  "stacks_text": false
                },
                {
                  "enabled": true,
                  "name": "Pip",
                  "trigger": {
                    "source": {
                      "type": "Inherit"
                    },
                    "threshold": {
                      "threshold_type": "Present",
                      "amount_type": "Intensity"
                    }
                  },
                  "filter": {
                    "player": {
                      "combat": null,
                      "specs": [],
                      "weapons": [],
                      "traits": [],
                      "mounts": []
                    },
                    "map": {
                      "category": [],
                      "whitelist": true,
                      "ids": []
                    }
                  },
                  "icon": {
                    "File": "Revenant Spear\\Empty.png"
                  },
                  "tint": [
                    1.0,
                    0.99999,
                    0.99999,
                    1.0
                  ],
                  "zoom": 1.0,
                  "round": 0.0,
                  "border_size": 0.0,
                  "border_color": [
                    0.0,
                    0.0,
                    0.0,
                    1.0
                  ],
                  "conditions": [],
                  "duration_bar": false,
                  "duration_text": false,
                  "stacks_text": false
                },
                {
                  "enabled": true,
                  "name": "Pip",
                  "trigger": {
                    "source": {
                      "type": "Inherit"
                    },
                    "threshold": {
                      "threshold_type": "Present",
                      "amount_type": "Intensity"
                    }
                  },
                  "filter": {
                    "player": {
                      "combat": null,
                      "specs": [],
                      "weapons": [],
                      "traits": [],
                      "mounts": []
                    },
                    "map": {
                      "category": [],
                      "whitelist": true,
                      "ids": []
                    }
                  },
                  "icon": {
                    "File": "Revenant Spear\\Empty.png"
                  },
                  "tint": [
                    1.0,
                    0.99999,
                    0.99999,
                    1.0
                  ],
                  "zoom": 1.0,
                  "round": 0.0,
                  "border_size": 0.0,
                  "border_color": [
                    0.0,
                    0.0,
                    0.0,
                    1.0
                  ],
                  "conditions": [],
                  "duration_bar": false,
                  "duration_text": false,
                  "stacks_text": false
                }
              ]
            },
            {
              "enabled": true,
              "name": "Filled",
              "anchor": "Parent",
              "pos": [
                0.0,
                0.0
              ],
              "opacity": 1.0,
              "trigger": {
                "source": {
                  "type": "Always"
                },
                "threshold": {
                  "threshold_type": "Always",
                  "amount_type": "Intensity"
                }
              },
              "filter": {
                "player": {
                  "combat": null,
                  "specs": [],
                  "weapons": [],
                  "traits": [],
                  "mounts": []
                },
                "map": {
                  "category": [],
                  "whitelist": true,
                  "ids": []
                }
              },
              "animation": null,
              "type": "IconList",
              "layout": "Dynamic",
              "direction": "Right",
              "size": [
                26.399998,
                26.399998
              ],
              "pad": -4.3999996,
              "icons": [
                {
                  "enabled": true,
                  "name": "Pip",
                  "trigger": {
                    "source": {
                      "type": "Buff",
                      "combatant": "Player",
                      "ids": [
                        72962
                      ]
                    },
                    "threshold": {
                      "threshold_type": {
                        "Above": 1.0
                      },
                      "amount_type": "Intensity"
                    }
                  },
                  "filter": {
                    "player": {
                      "combat": null,
                      "specs": [],
                      "weapons": [],
                      "traits": [],
                      "mounts": []
                    },
                    "map": {
                      "category": [],
                      "whitelist": true,
                      "ids": []
                    }
                  },
                  "icon": {
                    "File": "Revenant Spear\\Filled.png"
                  },
                  "tint": [
                    1.0,
                    0.99999,
                    0.99999,
                    1.0
                  ],
                  "zoom": 1.0,
                  "round": 0.0,
                  "border_size": 0.0,
                  "border_color": [
                    0.0,
                    0.0,
                    0.0,
                    1.0
                  ],
                  "conditions": [],
                  "duration_bar": false,
                  "duration_text": false,
                  "stacks_text": false
                },
                {
                  "enabled": true,
                  "name": "Pip",
                  "trigger": {
                    "source": {
                      "type": "Buff",
                      "combatant": "Player",
                      "ids": [
                        72962
                      ]
                    },
                    "threshold": {
                      "threshold_type": {
                        "Above": 2.0
                      },
                      "amount_type": "Intensity"
                    }
                  },
                  "filter": {
                    "player": {
                      "combat": null,
                      "specs": [],
                      "weapons": [],
                      "traits": [],
                      "mounts": []
                    },
                    "map": {
                      "category": [],
                      "whitelist": true,
                      "ids": []
                    }
                  },
                  "icon": {
                    "File": "Revenant Spear\\Filled.png"
                  },
                  "tint": [
                    1.0,
                    0.99999,
                    0.99999,
                    1.0
                  ],
                  "zoom": 1.0,
                  "round": 0.0,
                  "border_size": 0.0,
                  "border_color": [
                    0.0,
                    0.0,
                    0.0,
                    1.0
                  ],
                  "conditions": [],
                  "duration_bar": false,
                  "duration_text": false,
                  "stacks_text": false
                },
                {
                  "enabled": true,
                  "name": "Pip",
                  "trigger": {
                    "source": {
                      "type": "Buff",
                      "combatant": "Player",
                      "ids": [
                        72962
                      ]
                    },
                    "threshold": {
                      "threshold_type": {
                        "Above": 3.0
                      },
                      "amount_type": "Intensity"
                    }
                  },
                  "filter": {
                    "player": {
                      "combat": null,
                      "specs": [],
                      "weapons": [],
                      "traits": [],
                      "mounts": []
                    },
                    "map": {
                      "category": [],
                      "whitelist": true,
                      "ids": []
                    }
                  },
                  "icon": {
                    "File": "Revenant Spear\\Filled.png"
                  },
                  "tint": [
                    1.0,
                    0.99999,
                    0.99999,
                    1.0
                  ],
                  "zoom": 1.0,
                  "round": 0.0,
                  "border_size": 0.0,
                  "border_color": [
                    0.0,
                    0.0,
                    0.0,
                    1.0
                  ],
                  "conditions": [],
                  "duration_bar": false,
                  "duration_text": false,
                  "stacks_text": false
                }
              ]
            }
          ]
        },
        {
          "enabled": true,
          "name": "Abyssal Raze Highlight",
          "anchor": "Parent",
          "pos": [
            -85.0,
            -54.0
          ],
          "opacity": 1.0,
          "trigger": {
            "source": {
              "type": "Ability",
              "ids": [
                73059
              ]
            },
            "threshold": {
              "threshold_type": {
                "Above": 3.0
              },
              "amount_type": "Intensity"
            }
          },
          "filter": {
            "player": {
              "combat": true,
              "specs": [],
              "weapons": [],
              "traits": [],
              "mounts": []
            },
            "map": {
              "category": [],
              "whitelist": true,
              "ids": []
            }
          },
          "animation": {
            "kind": "Pulse",
            "period": 1000
          },
          "type": "Icon",
          "icon": {
            "File": "HighLight.png"
          },
          "tint": [
            1.0,
            0.91374284,
            0.45893723,
            1.0
          ],
          "zoom": 1.0,
          "round": 0.0,
          "border_size": 0.0,
          "border_color": [
            0.0,
            0.0,
            0.0,
            1.0
          ],
          "conditions": [],
          "duration_bar": false,
          "duration_text": false,
          "stacks_text": false,
          "size": [
            58.0,
            58.0
          ]
        }
      ]
    },
    {
      "enabled": true,
      "name": "Interface Normal",
      "anchor": "Parent",
      "pos": [
        0.0,
        0.0
      ],
      "opacity": 1.0,
      "trigger": {
        "source": {
          "type": "Inherit"
        },
        "threshold": {
          "threshold_type": "Always",
          "amount_type": "Intensity"
        }
      },
      "filter": {
        "player": {
          "combat": null,
          "specs": [],
          "weapons": [],
          "traits": [],
          "mounts": []
        },
        "map": {
          "category": [],
          "whitelist": true,
          "ids": []
        }
      },
      "animation": null,
      "type": "Group",
      "members": [
        {
          "enabled": true,
          "name": "Bar",
          "anchor": "Parent",
          "pos": [
            -304.0,
            -166.0
          ],
          "opacity": 1.0,
          "trigger": {
            "source": {
              "type": "Inherit"
            },
            "threshold": {
              "threshold_type": "Always",
              "amount_type": "Intensity"
            }
          },
          "filter": {
            "player": {
              "combat": null,
              "specs": [
                "Revenant",
                "Herald",
                "Renegade",
                "Vindicator",
                "Conduit"
              ],
              "weapons": [],
              "traits": [],
              "mounts": []
            },
            "map": {
              "category": [],
              "whitelist": true,
              "ids": []
            }
          },
          "animation": null,
          "type": "Group",
          "members": [
            {
              "enabled": true,
              "name": "Abyssal Raze Duration",
              "anchor": "Parent",
              "pos": [
                0.0,
                0.0
              ],
              "opacity": 1.0,
              "trigger": {
                "source": {
                  "type": "Buff",
                  "combatant": "Player",
                  "ids": [
                    72962
                  ]
                },
                "threshold": {
                  "threshold_type": {
                    "Between": [
                      0.001,
                      5.0
                    ]
                  },
                  "amount_type": "Duration"
                }
              },
              "filter": {
                "player": {
                  "combat": null,
                  "specs": [],
                  "weapons": [
                    "Spear"
                  ],
                  "traits": [],
                  "mounts": []
                },
                "map": {
                  "category": [],
                  "whitelist": true,
                  "ids": []
                }
              },
              "animation": null,
              "type": "Bar",
              "progress_kind": "Duration",
              "max": 25.0,
              "lower_bound": 0.0,
              "upper_bound": 1.0,
              "fill": [
                0.895493,
                0.87750006,
                0.9661836,
                1.0
              ],
              "background": [
                0.0,
                0.0,
                0.0,
                0.39613527
              ],
              "border_size": 0.0,
              "border_color": [
                0.000001,
                4.1062802e-7,
                4.1062802e-7,
                1.0
              ],
              "tick_size": 1.0,
              "tick_color": [
                0.0,
                0.0,
                0.0,
                1.0
              ],
              "conditions": [],
              "size": [
                60.0,
                6.0
              ],
              "align": "Right",
              "direction": "Right",
              "tick_unit": "Percent",
              "ticks": []
            }
          ]
        },
        {
          "enabled": true,
          "name": "Stacks",
          "anchor": "Parent",
          "pos": [
            -295.0,
            -183.0
          ],
          "opacity": 1.0,
          "trigger": {
            "source": {
              "type": "Inherit"
            },
            "threshold": {
              "threshold_type": "Always",
              "amount_type": "Intensity"
            }
          },
          "filter": {
            "player": {
              "combat": null,
              "specs": [],
              "weapons": [],
              "traits": [],
              "mounts": []
            },
            "map": {
              "category": [],
              "whitelist": true,
              "ids": []
            }
          },
          "animation": null,
          "type": "Group",
          "members": [
            {
              "enabled": true,
              "name": "Empty",
              "anchor": "Parent",
              "pos": [
                0.0,
                0.0
              ],
              "opacity": 1.0,
              "trigger": {
                "source": {
                  "type": "Ability",
                  "ids": [
                    73015
                  ]
                },
                "threshold": {
                  "threshold_type": "Always",
                  "amount_type": "Intensity"
                }
              },
              "filter": {
                "player": {
                  "combat": null,
                  "specs": [],
                  "weapons": [],
                  "traits": [],
                  "mounts": []
                },
                "map": {
                  "category": [],
                  "whitelist": true,
                  "ids": []
                }
              },
              "animation": null,
              "type": "IconList",
              "layout": "Dynamic",
              "direction": "Right",
              "size": [
                24.0,
                24.0
              ],
              "pad": -4.0,
              "icons": [
                {
                  "enabled": true,
                  "name": "Pip",
                  "trigger": {
                    "source": {
                      "type": "Inherit"
                    },
                    "threshold": {
                      "threshold_type": "Present",
                      "amount_type": "Intensity"
                    }
                  },
                  "filter": {
                    "player": {
                      "combat": null,
                      "specs": [],
                      "weapons": [],
                      "traits": [],
                      "mounts": []
                    },
                    "map": {
                      "category": [],
                      "whitelist": true,
                      "ids": []
                    }
                  },
                  "icon": {
                    "File": "Revenant Spear\\Empty.png"
                  },
                  "tint": [
                    1.0,
                    0.99999,
                    0.99999,
                    1.0
                  ],
                  "zoom": 1.0,
                  "round": 0.0,
                  "border_size": 0.0,
                  "border_color": [
                    0.0,
                    0.0,
                    0.0,
                    1.0
                  ],
                  "conditions": [],
                  "duration_bar": false,
                  "duration_text": false,
                  "stacks_text": false
                },
                {
                  "enabled": true,
                  "name": "Pip",
                  "trigger": {
                    "source": {
                      "type": "Inherit"
                    },
                    "threshold": {
                      "threshold_type": "Present",
                      "amount_type": "Intensity"
                    }
                  },
                  "filter": {
                    "player": {
                      "combat": null,
                      "specs": [],
                      "weapons": [],
                      "traits": [],
                      "mounts": []
                    },
                    "map": {
                      "category": [],
                      "whitelist": true,
                      "ids": []
                    }
                  },
                  "icon": {
                    "File": "Revenant Spear\\Empty.png"
                  },
                  "tint": [
                    1.0,
                    0.99999,
                    0.99999,
                    1.0
                  ],
                  "zoom": 1.0,
                  "round": 0.0,
                  "border_size": 0.0,
                  "border_color": [
                    0.0,
                    0.0,
                    0.0,
                    1.0
                  ],
                  "conditions": [],
                  "duration_bar": false,
                  "duration_text": false,
                  "stacks_text": false
                },
                {
                  "enabled": true,
                  "name": "Pip",
                  "trigger": {
                    "source": {
                      "type": "Inherit"
                    },
                    "threshold": {
                      "threshold_type": "Present",
                      "amount_type": "Intensity"
                    }
                  },
                  "filter": {
                    "player": {
                      "combat": null,
                      "specs": [],
                      "weapons": [],
                      "traits": [],
                      "mounts": []
                    },
                    "map": {
                      "category": [],
                      "whitelist": true,
                      "ids": []
                    }
                  },
                  "icon": {
                    "File": "Revenant Spear\\Empty.png"
                  },
                  "tint": [
                    1.0,
                    0.99999,
                    0.99999,
                    1.0
                  ],
                  "zoom": 1.0,
                  "round": 0.0,
                  "border_size": 0.0,
                  "border_color": [
                    0.0,
                    0.0,
                    0.0,
                    1.0
                  ],
                  "conditions": [],
                  "duration_bar": false,
                  "duration_text": false,
                  "stacks_text": false
                }
              ]
            },
            {
              "enabled": true,
              "name": "Filled",
              "anchor": "Parent",
              "pos": [
                0.0,
                0.0
              ],
              "opacity": 1.0,
              "trigger": {
                "source": {
                  "type": "Always"
                },
                "threshold": {
                  "threshold_type": "Always",
                  "amount_type": "Intensity"
                }
              },
              "filter": {
                "player": {
                  "combat": null,
                  "specs": [],
                  "weapons": [],
                  "traits": [],
                  "mounts": []
                },
                "map": {
                  "category": [],
                  "whitelist": true,
                  "ids": []
                }
              },
              "animation": null,
              "type": "IconList",
              "layout": "Dynamic",
              "direction": "Right",
              "size": [
                24.0,
                24.0
              ],
              "pad": -4.0,
              "icons": [
                {
                  "enabled": true,
                  "name": "Pip",
                  "trigger": {
                    "source": {
                      "type": "Buff",
                      "combatant": "Player",
                      "ids": [
                        72962
                      ]
                    },
                    "threshold": {
                      "threshold_type": {
                        "Above": 1.0
                      },
                      "amount_type": "Intensity"
                    }
                  },
                  "filter": {
                    "player": {
                      "combat": null,
                      "specs": [],
                      "weapons": [],
                      "traits": [],
                      "mounts": []
                    },
                    "map": {
                      "category": [],
                      "whitelist": true,
                      "ids": []
                    }
                  },
                  "icon": {
                    "File": "Revenant Spear\\Filled.png"
                  },
                  "tint": [
                    1.0,
                    0.99999,
                    0.99999,
                    1.0
                  ],
                  "zoom": 1.0,
                  "round": 0.0,
                  "border_size": 0.0,
                  "border_color": [
                    0.0,
                    0.0,
                    0.0,
                    1.0
                  ],
                  "conditions": [],
                  "duration_bar": false,
                  "duration_text": false,
                  "stacks_text": false
                },
                {
                  "enabled": true,
                  "name": "Pip",
                  "trigger": {
                    "source": {
                      "type": "Buff",
                      "combatant": "Player",
                      "ids": [
                        72962
                      ]
                    },
                    "threshold": {
                      "threshold_type": {
                        "Above": 2.0
                      },
                      "amount_type": "Intensity"
                    }
                  },
                  "filter": {
                    "player": {
                      "combat": null,
                      "specs": [],
                      "weapons": [],
                      "traits": [],
                      "mounts": []
                    },
                    "map": {
                      "category": [],
                      "whitelist": true,
                      "ids": []
                    }
                  },
                  "icon": {
                    "File": "Revenant Spear\\Filled.png"
                  },
                  "tint": [
                    1.0,
                    0.99999,
                    0.99999,
                    1.0
                  ],
                  "zoom": 1.0,
                  "round": 0.0,
                  "border_size": 0.0,
                  "border_color": [
                    0.0,
                    0.0,
                    0.0,
                    1.0
                  ],
                  "conditions": [],
                  "duration_bar": false,
                  "duration_text": false,
                  "stacks_text": false
                },
                {
                  "enabled": true,
                  "name": "Pip",
                  "trigger": {
                    "source": {
                      "type": "Buff",
                      "combatant": "Player",
                      "ids": [
                        72962
                      ]
                    },
                    "threshold": {
                      "threshold_type": {
                        "Above": 3.0
                      },
                      "amount_type": "Intensity"
                    }
                  },
                  "filter": {
                    "player": {
                      "combat": null,
                      "specs": [],
                      "weapons": [],
                      "traits": [],
                      "mounts": []
                    },
                    "map": {
                      "category": [],
                      "whitelist": true,
                      "ids": []
                    }
                  },
                  "icon": {
                    "File": "Revenant Spear\\Filled.png"
                  },
                  "tint": [
                    1.0,
                    0.99999,
                    0.99999,
                    1.0
                  ],
                  "zoom": 1.0,
                  "round": 0.0,
                  "border_size": 0.0,
                  "border_color": [
                    0.0,
                    0.0,
                    0.0,
                    1.0
                  ],
                  "conditions": [],
                  "duration_bar": false,
                  "duration_text": false,
                  "stacks_text": false
                }
              ]
            }
          ]
        },
        {
          "enabled": true,
          "name": "Abyssal Raze Highlight",
          "anchor": "Parent",
          "pos": [
            -77.0,
            -48.0
          ],
          "opacity": 1.0,
          "trigger": {
            "source": {
              "type": "Ability",
              "ids": [
                73059
              ]
            },
            "threshold": {
              "threshold_type": {
                "Above": 3.0
              },
              "amount_type": "Intensity"
            }
          },
          "filter": {
            "player": {
              "combat": true,
              "specs": [],
              "weapons": [],
              "traits": [],
              "mounts": []
            },
            "map": {
              "category": [],
              "whitelist": true,
              "ids": []
            }
          },
          "animation": {
            "kind": "Pulse",
            "period": 1000
          },
          "type": "Icon",
          "icon": {
            "File": "HighLight.png"
          },
          "tint": [
            1.0,
            0.91374284,
            0.45893723,
            1.0
          ],
          "zoom": 1.0,
          "round": 0.0,
          "border_size": 0.0,
          "border_color": [
            0.0,
            0.0,
            0.0,
            1.0
          ],
          "conditions": [],
          "duration_bar": false,
          "duration_text": false,
          "stacks_text": false,
          "size": [
            52.0,
            52.0
          ]
        }
      ]
    },
    {
      "enabled": false,
      "name": "Interface Small",
      "anchor": "Parent",
      "pos": [
        0.0,
        0.0
      ],
      "opacity": 1.0,
      "trigger": {
        "source": {
          "type": "Inherit"
        },
        "threshold": {
          "threshold_type": "Always",
          "amount_type": "Intensity"
        }
      },
      "filter": {
        "player": {
          "combat": null,
          "specs": [],
          "weapons": [],
          "traits": [],
          "mounts": []
        },
        "map": {
          "category": [],
          "whitelist": true,
          "ids": []
        }
      },
      "animation": null,
      "type": "Group",
      "members": [
        {
          "enabled": true,
          "name": "Bar",
          "anchor": "Parent",
          "pos": [
            -273.6,
            -149.4
          ],
          "opacity": 1.0,
          "trigger": {
            "source": {
              "type": "Inherit"
            },
            "threshold": {
              "threshold_type": "Always",
              "amount_type": "Intensity"
            }
          },
          "filter": {
            "player": {
              "combat": null,
              "specs": [
                "Revenant",
                "Herald",
                "Renegade",
                "Vindicator",
                "Conduit"
              ],
              "weapons": [],
              "traits": [],
              "mounts": []
            },
            "map": {
              "category": [],
              "whitelist": true,
              "ids": []
            }
          },
          "animation": null,
          "type": "Group",
          "members": [
            {
              "enabled": true,
              "name": "Abyssal Raze Duration",
              "anchor": "Parent",
              "pos": [
                0.0,
                0.0
              ],
              "opacity": 1.0,
              "trigger": {
                "source": {
                  "type": "Buff",
                  "combatant": "Player",
                  "ids": [
                    72962
                  ]
                },
                "threshold": {
                  "threshold_type": {
                    "Between": [
                      0.001,
                      5.0
                    ]
                  },
                  "amount_type": "Duration"
                }
              },
              "filter": {
                "player": {
                  "combat": null,
                  "specs": [],
                  "weapons": [
                    "Spear"
                  ],
                  "traits": [],
                  "mounts": []
                },
                "map": {
                  "category": [],
                  "whitelist": true,
                  "ids": []
                }
              },
              "animation": null,
              "type": "Bar",
              "progress_kind": "Duration",
              "max": 25.0,
              "lower_bound": 0.0,
              "upper_bound": 1.0,
              "fill": [
                0.895493,
                0.87750006,
                0.9661836,
                1.0
              ],
              "background": [
                0.0,
                0.0,
                0.0,
                0.39613527
              ],
              "border_size": 0.0,
              "border_color": [
                0.000001,
                4.1062802e-7,
                4.1062802e-7,
                1.0
              ],
              "tick_size": 1.0,
              "tick_color": [
                0.0,
                0.0,
                0.0,
                1.0
              ],
              "conditions": [],
              "size": [
                54.0,
                5.3999996
              ],
              "align": "Right",
              "direction": "Right",
              "tick_unit": "Percent",
              "ticks": []
            }
          ]
        },
        {
          "enabled": true,
          "name": "Stacks",
          "anchor": "Parent",
          "pos": [
            -265.5,
            -164.7
          ],
          "opacity": 1.0,
          "trigger": {
            "source": {
              "type": "Inherit"
            },
            "threshold": {
              "threshold_type": "Always",
              "amount_type": "Intensity"
            }
          },
          "filter": {
            "player": {
              "combat": null,
              "specs": [],
              "weapons": [],
              "traits": [],
              "mounts": []
            },
            "map": {
              "category": [],
              "whitelist": true,
              "ids": []
            }
          },
          "animation": null,
          "type": "Group",
          "members": [
            {
              "enabled": true,
              "name": "Empty",
              "anchor": "Parent",
              "pos": [
                0.0,
                0.0
              ],
              "opacity": 1.0,
              "trigger": {
                "source": {
                  "type": "Ability",
                  "ids": [
                    73015
                  ]
                },
                "threshold": {
                  "threshold_type": "Always",
                  "amount_type": "Intensity"
                }
              },
              "filter": {
                "player": {
                  "combat": null,
                  "specs": [],
                  "weapons": [],
                  "traits": [],
                  "mounts": []
                },
                "map": {
                  "category": [],
                  "whitelist": true,
                  "ids": []
                }
              },
              "animation": null,
              "type": "IconList",
              "layout": "Dynamic",
              "direction": "Right",
              "size": [
                21.599998,
                21.599998
              ],
              "pad": -3.6,
              "icons": [
                {
                  "enabled": true,
                  "name": "Pip",
                  "trigger": {
                    "source": {
                      "type": "Inherit"
                    },
                    "threshold": {
                      "threshold_type": "Present",
                      "amount_type": "Intensity"
                    }
                  },
                  "filter": {
                    "player": {
                      "combat": null,
                      "specs": [],
                      "weapons": [],
                      "traits": [],
                      "mounts": []
                    },
                    "map": {
                      "category": [],
                      "whitelist": true,
                      "ids": []
                    }
                  },
                  "icon": {
                    "File": "Revenant Spear\\Empty.png"
                  },
                  "tint": [
                    1.0,
                    0.99999,
                    0.99999,
                    1.0
                  ],
                  "zoom": 1.0,
                  "round": 0.0,
                  "border_size": 0.0,
                  "border_color": [
                    0.0,
                    0.0,
                    0.0,
                    1.0
                  ],
                  "conditions": [],
                  "duration_bar": false,
                  "duration_text": false,
                  "stacks_text": false
                },
                {
                  "enabled": true,
                  "name": "Pip",
                  "trigger": {
                    "source": {
                      "type": "Inherit"
                    },
                    "threshold": {
                      "threshold_type": "Present",
                      "amount_type": "Intensity"
                    }
                  },
                  "filter": {
                    "player": {
                      "combat": null,
                      "specs": [],
                      "weapons": [],
                      "traits": [],
                      "mounts": []
                    },
                    "map": {
                      "category": [],
                      "whitelist": true,
                      "ids": []
                    }
                  },
                  "icon": {
                    "File": "Revenant Spear\\Empty.png"
                  },
                  "tint": [
                    1.0,
                    0.99999,
                    0.99999,
                    1.0
                  ],
                  "zoom": 1.0,
                  "round": 0.0,
                  "border_size": 0.0,
                  "border_color": [
                    0.0,
                    0.0,
                    0.0,
                    1.0
                  ],
                  "conditions": [],
                  "duration_bar": false,
                  "duration_text": false,
                  "stacks_text": false
                },
                {
                  "enabled": true,
                  "name": "Pip",
                  "trigger": {
                    "source": {
                      "type": "Inherit"
                    },
                    "threshold": {
                      "threshold_type": "Present",
                      "amount_type": "Intensity"
                    }
                  },
                  "filter": {
                    "player": {
                      "combat": null,
                      "specs": [],
                      "weapons": [],
                      "traits": [],
                      "mounts": []
                    },
                    "map": {
                      "category": [],
                      "whitelist": true,
                      "ids": []
                    }
                  },
                  "icon": {
                    "File": "Revenant Spear\\Empty.png"
                  },
                  "tint": [
                    1.0,
                    0.99999,
                    0.99999,
                    1.0
                  ],
                  "zoom": 1.0,
                  "round": 0.0,
                  "border_size": 0.0,
                  "border_color": [
                    0.0,
                    0.0,
                    0.0,
                    1.0
                  ],
                  "conditions": [],
                  "duration_bar": false,
                  "duration_text": false,
                  "stacks_text": false
                }
              ]
            },
            {
              "enabled": true,
              "name": "Filled",
              "anchor": "Parent",
              "pos": [
                0.0,
                0.0
              ],
              "opacity": 1.0,
              "trigger": {
                "source": {
                  "type": "Always"
                },
                "threshold": {
                  "threshold_type": "Always",
                  "amount_type": "Intensity"
                }
              },
              "filter": {
                "player": {
                  "combat": null,
                  "specs": [],
                  "weapons": [],
                  "traits": [],
                  "mounts": []
                },
                "map": {
                  "category": [],
                  "whitelist": true,
                  "ids": []
                }
              },
              "animation": null,
              "type": "IconList",
              "layout": "Dynamic",
              "direction": "Right",
              "size": [
                21.599998,
                21.599998
              ],
              "pad": -3.6,
              "icons": [
                {
                  "enabled": true,
                  "name": "Pip",
                  "trigger": {
                    "source": {
                      "type": "Buff",
                      "combatant": "Player",
                      "ids": [
                        72962
                      ]
                    },
                    "threshold": {
                      "threshold_type": {
                        "Above": 1.0
                      },
                      "amount_type": "Intensity"
                    }
                  },
                  "filter": {
                    "player": {
                      "combat": null,
                      "specs": [],
                      "weapons": [],
                      "traits": [],
                      "mounts": []
                    },
                    "map": {
                      "category": [],
                      "whitelist": true,
                      "ids": []
                    }
                  },
                  "icon": {
                    "File": "Revenant Spear\\Filled.png"
                  },
                  "tint": [
                    1.0,
                    0.99999,
                    0.99999,
                    1.0
                  ],
                  "zoom": 1.0,
                  "round": 0.0,
                  "border_size": 0.0,
                  "border_color": [
                    0.0,
                    0.0,
                    0.0,
                    1.0
                  ],
                  "conditions": [],
                  "duration_bar": false,
                  "duration_text": false,
                  "stacks_text": false
                },
                {
                  "enabled": true,
                  "name": "Pip",
                  "trigger": {
                    "source": {
                      "type": "Buff",
                      "combatant": "Player",
                      "ids": [
                        72962
                      ]
                    },
                    "threshold": {
                      "threshold_type": {
                        "Above": 2.0
                      },
                      "amount_type": "Intensity"
                    }
                  },
                  "filter": {
                    "player": {
                      "combat": null,
                      "specs": [],
                      "weapons": [],
                      "traits": [],
                      "mounts": []
                    },
                    "map": {
                      "category": [],
                      "whitelist": true,
                      "ids": []
                    }
                  },
                  "icon": {
                    "File": "Revenant Spear\\Filled.png"
                  },
                  "tint": [
                    1.0,
                    0.99999,
                    0.99999,
                    1.0
                  ],
                  "zoom": 1.0,
                  "round": 0.0,
                  "border_size": 0.0,
                  "border_color": [
                    0.0,
                    0.0,
                    0.0,
                    1.0
                  ],
                  "conditions": [],
                  "duration_bar": false,
                  "duration_text": false,
                  "stacks_text": false
                },
                {
                  "enabled": true,
                  "name": "Pip",
                  "trigger": {
                    "source": {
                      "type": "Buff",
                      "combatant": "Player",
                      "ids": [
                        72962
                      ]
                    },
                    "threshold": {
                      "threshold_type": {
                        "Above": 3.0
                      },
                      "amount_type": "Intensity"
                    }
                  },
                  "filter": {
                    "player": {
                      "combat": null,
                      "specs": [],
                      "weapons": [],
                      "traits": [],
                      "mounts": []
                    },
                    "map": {
                      "category": [],
                      "whitelist": true,
                      "ids": []
                    }
                  },
                  "icon": {
                    "File": "Revenant Spear\\Filled.png"
                  },
                  "tint": [
                    1.0,
                    0.99999,
                    0.99999,
                    1.0
                  ],
                  "zoom": 1.0,
                  "round": 0.0,
                  "border_size": 0.0,
                  "border_color": [
                    0.0,
                    0.0,
                    0.0,
                    1.0
                  ],
                  "conditions": [],
                  "duration_bar": false,
                  "duration_text": false,
                  "stacks_text": false
                }
              ]
            }
          ]
        },
        {
          "enabled": true,
          "name": "Abyssal Raze Highlight",
          "anchor": "Parent",
          "pos": [
            -69.299995,
            -43.199997
          ],
          "opacity": 1.0,
          "trigger": {
            "source": {
              "type": "Ability",
              "ids": [
                73059
              ]
            },
            "threshold": {
              "threshold_type": {
                "Above": 3.0
              },
              "amount_type": "Intensity"
            }
          },
          "filter": {
            "player": {
              "combat": true,
              "specs": [],
              "weapons": [],
              "traits": [],
              "mounts": []
            },
            "map": {
              "category": [],
              "whitelist": true,
              "ids": []
            }
          },
          "animation": {
            "kind": "Pulse",
            "period": 1000
          },
          "type": "Icon",
          "icon": {
            "File": "HighLight.png"
          },
          "tint": [
            1.0,
            0.91374284,
            0.45893723,
            1.0
          ],
          "zoom": 1.0,
          "round": 0.0,
          "border_size": 0.0,
          "border_color": [
            0.0,
            0.0,
            0.0,
            1.0
          ],
          "conditions": [],
          "duration_bar": false,
          "duration_text": false,
          "stacks_text": false,
          "size": [
            46.8,
            46.8
          ]
        }
      ]
    }
  ]
}