{
  "schema": "v1",
  "enabled": true,
  "name": "Abyssal Raze",
  "anchor": {
    "Screen": "BottomCenter"
  },
  "pos": [
    0.0,
    0.0
  ],
  "opacity": 1.0,
  "trigger": {
    "source": "Inherit",
    "threshold": {
      "threshold_type": "Always",
      "amount_type": "Intensity"
    }
  },
  "filter": {
    "player": {
      "combat": null,
      "specs": [],
      "weapons": [],
      "traits": [],
      "mounts": [
        "None"
      ]
    },
    "map": {
      "category": [],
      "whitelist": true,
      "ids": []
    }
  },
  "animation": null,
  "layer": 0,
  "elements": [
    {
      "enabled": true,
      "name": "Bar",
      "anchor": "Parent",
      "pos": [
        -179.0,
        -172.0
      ],
      "opacity": 1.0,
      "trigger": {
        "source": "Inherit",
        "threshold": {
          "threshold_type": "Always",
          "amount_type": "Intensity"
        }
      },
      "filter": {
        "player": {
          "combat": null,
          "specs": [
            "Revenant",
            "Herald",
            "Renegade",
            "Vindicator",
            "Conduit"
          ],
          "weapons": [],
          "traits": [],
          "mounts": []
        },
        "map": {
          "category": [],
          "whitelist": true,
          "ids": []
        }
      },
      "animation": null,
      "type": "Group",
      "members": [
        {
          "enabled": false,
          "name": "Bar Background",
          "anchor": "Parent",
          "pos": [
            0.0,
            0.0
          ],
          "opacity": 1.0,
          "trigger": {
            "source": {
              "Ability": [
                73015
              ]
            },
            "threshold": {
              "threshold_type": "Present",
              "amount_type": "Intensity"
            }
          },
          "filter": {
            "player": {
              "combat": null,
              "specs": [],
              "weapons": [
                "Spear"
              ],
              "traits": [],
              "mounts": []
            },
            "map": {
              "category": [],
              "whitelist": true,
              "ids": []
            }
          },
          "animation": null,
          "type": "Bar",
          "progress_kind": "Duration",
          "max": 25.0,
          "lower_bound": 0.0,
          "upper_bound": 1.0,
          "fill": [
            0.85054487,
            0.91798216,
            0.9516908,
            0.0
          ],
          "background": [
            9.9999e-7,
            9.999911e-7,
            0.000001,
            0.57004833
          ],
          "border_size": 0.0,
          "border_color": [
            0.589372,
            0.18222131,
            0.18222131,
            1.0
          ],
          "tick_size": 1.0,
          "tick_color": [
            0.0,
            0.0,
            0.0,
            1.0
          ],
          "conditions": [],
          "size": [
            60.0,
            8.0
          ],
          "align": "Right",
          "direction": "Right",
          "tick_unit": "Percent",
          "ticks": []
        },
        {
          "enabled": true,
          "name": "Abyssal Raze Duration",
          "anchor": "Parent",
          "pos": [
            0.0,
            0.0
          ],
          "opacity": 1.0,
          "trigger": {
            "source": {
              "Buff": [
                72962
              ]
            },
            "threshold": {
              "threshold_type": {
                "Between": [
                  0.001,
                  5.0
                ]
              },
              "amount_type": "Duration"
            }
          },
          "filter": {
            "player": {
              "combat": null,
              "specs": [],
              "weapons": [
                "Spear"
              ],
              "traits": [],
              "mounts": []
            },
            "map": {
              "category": [],
              "whitelist": true,
              "ids": []
            }
          },
          "animation": null,
          "type": "Bar",
          "progress_kind": "Duration",
          "max": 25.0,
          "lower_bound": 0.0,
          "upper_bound": 1.0,
          "fill": [
            0.895493,
            0.87750006,
            0.9661836,
            1.0
          ],
          "background": [
            0.0,
            0.0,
            0.0,
            0.39613527
          ],
          "border_size": 0.0,
          "border_color": [
            0.000001,
            4.1062802e-7,
            4.1062802e-7,
            1.0
          ],
          "tick_size": 1.0,
          "tick_color": [
            0.0,
            0.0,
            0.0,
            1.0
          ],
          "conditions": [],
          "size": [
            60.0,
            6.0
          ],
          "align": "Right",
          "direction": "Right",
          "tick_unit": "Percent",
          "ticks": []
        },
        {
          "enabled": false,
          "name": "Abyssal Raze Charge Border",
          "anchor": "Parent",
          "pos": [
            0.0,
            0.0
          ],
          "opacity": 1.0,
          "trigger": {
            "source": {
              "Buff": [
                72962
              ]
            },
            "threshold": {
              "threshold_type": {
                "Between": [
                  1.0,
                  3.0
                ]
              },
              "amount_type": "Intensity"
            }
          },
          "filter": {
            "player": {
              "combat": null,
              "specs": [],
              "weapons": [
                "Spear"
              ],
              "traits": [],
              "mounts": []
            },
            "map": {
              "category": [],
              "whitelist": true,
              "ids": []
            }
          },
          "animation": null,
          "type": "Bar",
          "progress_kind": "Intensity",
          "max": 3.0,
          "lower_bound": 0.0,
          "upper_bound": 1.0,
          "fill": [
            0.85054487,
            0.91798216,
            0.9516908,
            0.0
          ],
          "background": [
            0.023529412,
            0.03529412,
            0.12941177,
            0.0
          ],
          "border_size": 2.0,
          "border_color": [
            0.000001,
            4.68599e-7,
            4.68599e-7,
            1.0
          ],
          "tick_size": 1.0,
          "tick_color": [
            0.0,
            0.0,
            0.0,
            1.0
          ],
          "conditions": [],
          "size": [
            60.0,
            8.0
          ],
          "align": "Right",
          "direction": "Right",
          "tick_unit": "Percent",
          "ticks": []
        },
        {
          "enabled": false,
          "name": "Highlight Border",
          "anchor": "Parent",
          "pos": [
            0.0,
            0.0
          ],
          "opacity": 1.0,
          "trigger": {
            "source": {
              "Buff": [
                72962
              ]
            },
            "threshold": {
              "threshold_type": {
                "Between": [
                  0.001,
                  5.0
                ]
              },
              "amount_type": "Duration"
            }
          },
          "filter": {
            "player": {
              "combat": null,
              "specs": [],
              "weapons": [
                "Spear"
              ],
              "traits": [],
              "mounts": []
            },
            "map": {
              "category": [],
              "whitelist": true,
              "ids": []
            }
          },
          "animation": null,
          "type": "Bar",
          "progress_kind": "Intensity",
          "max": 3.0,
          "lower_bound": 0.0,
          "upper_bound": 1.0,
          "fill": [
            0.85054487,
            0.91798216,
            0.9516908,
            0.0
          ],
          "background": [
            0.023529412,
            0.03529412,
            0.12941177,
            0.0
          ],
          "border_size": 2.0,
          "border_color": [
            1.0,
            0.21739131,
            0.21739131,
            1.0
          ],
          "tick_size": 1.0,
          "tick_color": [
            0.0,
            0.0,
            0.0,
            1.0
          ],
          "conditions": [],
          "size": [
            60.0,
            8.0
          ],
          "align": "Right",
          "direction": "Right",
          "tick_unit": "Percent",
          "ticks": []
        }
      ]
    },
    {
      "enabled": true,
      "name": "Abyssal Raze Highlight",
      "anchor": "Parent",
      "pos": [
        -77.0,
        -48.0
      ],
      "opacity": 1.0,
      "trigger": {
        "source": {
          "Ability": [
            73059
          ]
        },
        "threshold": {
          "threshold_type": {
            "Above": 3.0
          },
          "amount_type": "Intensity"
        }
      },
      "filter": {
        "player": {
          "combat": true,
          "specs": [],
          "weapons": [],
          "traits": [],
          "mounts": []
        },
        "map": {
          "category": [],
          "whitelist": true,
          "ids": []
        }
      },
      "animation": {
        "kind": "Pulse",
        "period": 1000
      },
      "type": "Icon",
      "icon": {
        "File": "HighLight.png"
      },
      "tint": [
        1.0,
        0.91374284,
        0.45893723,
        1.0
      ],
      "zoom": 1.0,
      "round": 0.0,
      "border_size": 0.0,
      "border_color": [
        0.0,
        0.0,
        0.0,
        1.0
      ],
      "conditions": [],
      "duration_bar": false,
      "duration_text": false,
      "stacks_text": false,
      "size": [
        52.0,
        52.0
      ]
    },
    {
      "enabled": true,
      "name": "Stacks",
      "anchor": "Parent",
      "pos": [
        -170.0,
        -188.0
      ],
      "opacity": 1.0,
      "trigger": {
        "source": "Inherit",
        "threshold": {
          "threshold_type": "Always",
          "amount_type": "Intensity"
        }
      },
      "filter": {
        "player": {
          "combat": null,
          "specs": [],
          "weapons": [],
          "traits": [],
          "mounts": []
        },
        "map": {
          "category": [],
          "whitelist": true,
          "ids": []
        }
      },
      "animation": null,
      "type": "Group",
      "members": [
        {
          "enabled": true,
          "name": "Empty",
          "anchor": "Parent",
          "pos": [
            0.0,
            0.0
          ],
          "opacity": 1.0,
          "trigger": {
            "source": {
              "Ability": [
                73015
              ]
            },
            "threshold": {
              "threshold_type": "Always",
              "amount_type": "Intensity"
            }
          },
          "filter": {
            "player": {
              "combat": null,
              "specs": [],
              "weapons": [],
              "traits": [],
              "mounts": []
            },
            "map": {
              "category": [],
              "whitelist": true,
              "ids": []
            }
          },
          "animation": null,
          "type": "IconList",
          "layout": "Dynamic",
          "direction": "Right",
          "size": [
            24.0,
            24.0
          ],
          "pad": -4.0,
          "icons": [
            {
              "enabled": true,
              "name": "Pip",
              "trigger": {
                "source": "Inherit",
                "threshold": {
                  "threshold_type": "Present",
                  "amount_type": "Intensity"
                }
              },
              "filter": {
                "player": {
                  "combat": null,
                  "specs": [],
                  "weapons": [],
                  "traits": [],
                  "mounts": []
                },
                "map": {
                  "category": [],
                  "whitelist": true,
                  "ids": []
                }
              },
              "icon": {
                "File": "Revenant Spear\\Empty.png"
              },
              "tint": [
                1.0,
                0.99999,
                0.99999,
                1.0
              ],
              "zoom": 1.0,
              "round": 0.0,
              "border_size": 0.0,
              "border_color": [
                0.0,
                0.0,
                0.0,
                1.0
              ],
              "conditions": [],
              "duration_bar": false,
              "duration_text": false,
              "stacks_text": false
            },
            {
              "enabled": true,
              "name": "Pip",
              "trigger": {
                "source": "Inherit",
                "threshold": {
                  "threshold_type": "Present",
                  "amount_type": "Intensity"
                }
              },
              "filter": {
                "player": {
                  "combat": null,
                  "specs": [],
                  "weapons": [],
                  "traits": [],
                  "mounts": []
                },
                "map": {
                  "category": [],
                  "whitelist": true,
                  "ids": []
                }
              },
              "icon": {
                "File": "Revenant Spear\\Empty.png"
              },
              "tint": [
                1.0,
                0.99999,
                0.99999,
                1.0
              ],
              "zoom": 1.0,
              "round": 0.0,
              "border_size": 0.0,
              "border_color": [
                0.0,
                0.0,
                0.0,
                1.0
              ],
              "conditions": [],
              "duration_bar": false,
              "duration_text": false,
              "stacks_text": false
            },
            {
              "enabled": true,
              "name": "Pip",
              "trigger": {
                "source": "Inherit",
                "threshold": {
                  "threshold_type": "Present",
                  "amount_type": "Intensity"
                }
              },
              "filter": {
                "player": {
                  "combat": null,
                  "specs": [],
                  "weapons": [],
                  "traits": [],
                  "mounts": []
                },
                "map": {
                  "category": [],
                  "whitelist": true,
                  "ids": []
                }
              },
              "icon": {
                "File": "Revenant Spear\\Empty.png"
              },
              "tint": [
                1.0,
                0.99999,
                0.99999,
                1.0
              ],
              "zoom": 1.0,
              "round": 0.0,
              "border_size": 0.0,
              "border_color": [
                0.0,
                0.0,
                0.0,
                1.0
              ],
              "conditions": [],
              "duration_bar": false,
              "duration_text": false,
              "stacks_text": false
            }
          ]
        },
        {
          "enabled": false,
          "name": "FullCharge",
          "anchor": "Parent",
          "pos": [
            0.0,
            0.0
          ],
          "opacity": 1.0,
          "trigger": {
            "source": {
              "Buff": [
                72962
              ]
            },
            "threshold": {
              "threshold_type": {
                "Above": 3.0
              },
              "amount_type": "Intensity"
            }
          },
          "filter": {
            "player": {
              "combat": null,
              "specs": [],
              "weapons": [],
              "traits": [],
              "mounts": []
            },
            "map": {
              "category": [],
              "whitelist": true,
              "ids": []
            }
          },
          "animation": null,
          "type": "IconList",
          "layout": "Dynamic",
          "direction": "Right",
          "size": [
            28.0,
            28.0
          ],
          "pad": -8.0,
          "icons": [
            {
              "enabled": true,
              "name": "Pip",
              "trigger": {
                "source": "Inherit",
                "threshold": {
                  "threshold_type": "Present",
                  "amount_type": "Intensity"
                }
              },
              "filter": {
                "player": {
                  "combat": null,
                  "specs": [],
                  "weapons": [],
                  "traits": [],
                  "mounts": []
                },
                "map": {
                  "category": [],
                  "whitelist": true,
                  "ids": []
                }
              },
              "icon": {
                "File": "Revenant Spear\\FullChargeBG.png"
              },
              "tint": [
                1.0,
                0.99999,
                0.99999,
                1.0
              ],
              "zoom": 1.0,
              "round": 0.0,
              "border_size": 0.0,
              "border_color": [
                0.0,
                0.0,
                0.0,
                1.0
              ],
              "conditions": [],
              "duration_bar": false,
              "duration_text": false,
              "stacks_text": false
            },
            {
              "enabled": true,
              "name": "Pip",
              "trigger": {
                "source": "Inherit",
                "threshold": {
                  "threshold_type": "Present",
                  "amount_type": "Intensity"
                }
              },
              "filter": {
                "player": {
                  "combat": null,
                  "specs": [],
                  "weapons": [],
                  "traits": [],
                  "mounts": []
                },
                "map": {
                  "category": [],
                  "whitelist": true,
                  "ids": []
                }
              },
              "icon": {
                "File": "Revenant Spear\\FullChargeBG.png"
              },
              "tint": [
                1.0,
                0.99999,
                0.99999,
                1.0
              ],
              "zoom": 1.0,
              "round": 0.0,
              "border_size": 0.0,
              "border_color": [
                0.0,
                0.0,
                0.0,
                1.0
              ],
              "conditions": [],
              "duration_bar": false,
              "duration_text": false,
              "stacks_text": false
            },
            {
              "enabled": true,
              "name": "Pip",
              "trigger": {
                "source": "Inherit",
                "threshold": {
                  "threshold_type": "Present",
                  "amount_type": "Intensity"
                }
              },
              "filter": {
                "player": {
                  "combat": null,
                  "specs": [],
                  "weapons": [],
                  "traits": [],
                  "mounts": []
                },
                "map": {
                  "category": [],
                  "whitelist": true,
                  "ids": []
                }
              },
              "icon": {
                "File": "Revenant Spear\\FullChargeBG.png"
              },
              "tint": [
                1.0,
                0.99999,
                0.99999,
                1.0
              ],
              "zoom": 1.0,
              "round": 0.0,
              "border_size": 0.0,
              "border_color": [
                0.0,
                0.0,
                0.0,
                1.0
              ],
              "conditions": [],
              "duration_bar": false,
              "duration_text": false,
              "stacks_text": false
            }
          ]
        },
        {
          "enabled": true,
          "name": "Filled",
          "anchor": "Parent",
          "pos": [
            0.0,
            0.0
          ],
          "opacity": 1.0,
          "trigger": {
            "source": "Always",
            "threshold": {
              "threshold_type": "Always",
              "amount_type": "Intensity"
            }
          },
          "filter": {
            "player": {
              "combat": null,
              "specs": [],
              "weapons": [],
              "traits": [],
              "mounts": []
            },
            "map": {
              "category": [],
              "whitelist": true,
              "ids": []
            }
          },
          "animation": null,
          "type": "IconList",
          "layout": "Dynamic",
          "direction": "Right",
          "size": [
            24.0,
            24.0
          ],
          "pad": -4.0,
          "icons": [
            {
              "enabled": true,
              "name": "Pip",
              "trigger": {
                "source": {
                  "Buff": [
                    72962
                  ]
                },
                "threshold": {
                  "threshold_type": {
                    "Above": 1.0
                  },
                  "amount_type": "Intensity"
                }
              },
              "filter": {
                "player": {
                  "combat": null,
                  "specs": [],
                  "weapons": [],
                  "traits": [],
                  "mounts": []
                },
                "map": {
                  "category": [],
                  "whitelist": true,
                  "ids": []
                }
              },
              "icon": {
                "File": "Revenant Spear\\Filled.png"
              },
              "tint": [
                1.0,
                0.99999,
                0.99999,
                1.0
              ],
              "zoom": 1.0,
              "round": 0.0,
              "border_size": 0.0,
              "border_color": [
                0.0,
                0.0,
                0.0,
                1.0
              ],
              "conditions": [],
              "duration_bar": false,
              "duration_text": false,
              "stacks_text": false
            },
            {
              "enabled": true,
              "name": "Pip",
              "trigger": {
                "source": {
                  "Buff": [
                    72962
                  ]
                },
                "threshold": {
                  "threshold_type": {
                    "Above": 2.0
                  },
                  "amount_type": "Intensity"
                }
              },
              "filter": {
                "player": {
                  "combat": null,
                  "specs": [],
                  "weapons": [],
                  "traits": [],
                  "mounts": []
                },
                "map": {
                  "category": [],
                  "whitelist": true,
                  "ids": []
                }
              },
              "icon": {
                "File": "Revenant Spear\\Filled.png"
              },
              "tint": [
                1.0,
                0.99999,
                0.99999,
                1.0
              ],
              "zoom": 1.0,
              "round": 0.0,
              "border_size": 0.0,
              "border_color": [
                0.0,
                0.0,
                0.0,
                1.0
              ],
              "conditions": [],
              "duration_bar": false,
              "duration_text": false,
              "stacks_text": false
            },
            {
              "enabled": true,
              "name": "Pip",
              "trigger": {
                "source": {
                  "Buff": [
                    72962
                  ]
                },
                "threshold": {
                  "threshold_type": {
                    "Above": 3.0
                  },
                  "amount_type": "Intensity"
                }
              },
              "filter": {
                "player": {
                  "combat": null,
                  "specs": [],
                  "weapons": [],
                  "traits": [],
                  "mounts": []
                },
                "map": {
                  "category": [],
                  "whitelist": true,
                  "ids": []
                }
              },
              "icon": {
                "File": "Revenant Spear\\Filled.png"
              },
              "tint": [
                1.0,
                0.99999,
                0.99999,
                1.0
              ],
              "zoom": 1.0,
              "round": 0.0,
              "border_size": 0.0,
              "border_color": [
                0.0,
                0.0,
                0.0,
                1.0
              ],
              "conditions": [],
              "duration_bar": false,
              "duration_text": false,
              "stacks_text": false
            }
          ]
        }
      ]
    },
    {
      "enabled": false,
      "name": "Stacks (Scourge Style)",
      "anchor": "Parent",
      "pos": [
        -162.0,
        -192.0
      ],
      "opacity": 1.0,
      "trigger": {
        "source": "Inherit",
        "threshold": {
          "threshold_type": "Always",
          "amount_type": "Intensity"
        }
      },
      "filter": {
        "player": {
          "combat": null,
          "specs": [],
          "weapons": [],
          "traits": [],
          "mounts": []
        },
        "map": {
          "category": [],
          "whitelist": true,
          "ids": []
        }
      },
      "animation": null,
      "type": "Group",
      "members": [
        {
          "enabled": true,
          "name": "Empty",
          "anchor": "Parent",
          "pos": [
            0.0,
            0.0
          ],
          "opacity": 1.0,
          "trigger": {
            "source": "Always",
            "threshold": {
              "threshold_type": "Always",
              "amount_type": "Intensity"
            }
          },
          "filter": {
            "player": {
              "combat": null,
              "specs": [],
              "weapons": [],
              "traits": [],
              "mounts": []
            },
            "map": {
              "category": [],
              "whitelist": true,
              "ids": []
            }
          },
          "animation": null,
          "type": "Group",
          "members": [
            {
              "enabled": true,
              "name": "1",
              "anchor": "Parent",
              "pos": [
                0.0,
                0.0
              ],
              "opacity": 1.0,
              "trigger": {
                "source": "Inherit",
                "threshold": {
                  "threshold_type": "Always",
                  "amount_type": "Intensity"
                }
              },
              "filter": {
                "player": {
                  "combat": null,
                  "specs": [],
                  "weapons": [],
                  "traits": [],
                  "mounts": []
                },
                "map": {
                  "category": [],
                  "whitelist": true,
                  "ids": []
                }
              },
              "animation": null,
              "type": "Icon",
              "icon": {
                "File": "Revenant Spear\\Empty.png"
              },
              "tint": [
                1.0,
                1.0,
                1.0,
                1.0
              ],
              "zoom": 1.0,
              "round": 0.0,
              "border_size": 0.0,
              "border_color": [
                0.0,
                0.0,
                0.0,
                1.0
              ],
              "conditions": [],
              "duration_bar": false,
              "duration_text": false,
              "stacks_text": false,
              "size": [
                32.0,
                32.0
              ]
            },
            {
              "enabled": true,
              "name": "2",
              "anchor": "Parent",
              "pos": [
                11.0,
                -10.0
              ],
              "opacity": 1.0,
              "trigger": {
                "source": "Inherit",
                "threshold": {
                  "threshold_type": "Always",
                  "amount_type": "Intensity"
                }
              },
              "filter": {
                "player": {
                  "combat": null,
                  "specs": [],
                  "weapons": [],
                  "traits": [],
                  "mounts": []
                },
                "map": {
                  "category": [],
                  "whitelist": true,
                  "ids": []
                }
              },
              "animation": null,
              "type": "Icon",
              "icon": {
                "File": "Revenant Spear\\Empty.png"
              },
              "tint": [
                1.0,
                1.0,
                1.0,
                1.0
              ],
              "zoom": 1.0,
              "round": 0.0,
              "border_size": 0.0,
              "border_color": [
                0.0,
                0.0,
                0.0,
                1.0
              ],
              "conditions": [],
              "duration_bar": false,
              "duration_text": false,
              "stacks_text": false,
              "size": [
                32.0,
                32.0
              ]
            },
            {
              "enabled": true,
              "name": "3",
              "anchor": "Parent",
              "pos": [
                22.0,
                0.0
              ],
              "opacity": 1.0,
              "trigger": {
                "source": "Inherit",
                "threshold": {
                  "threshold_type": "Always",
                  "amount_type": "Intensity"
                }
              },
              "filter": {
                "player": {
                  "combat": null,
                  "specs": [],
                  "weapons": [],
                  "traits": [],
                  "mounts": []
                },
                "map": {
                  "category": [],
                  "whitelist": true,
                  "ids": []
                }
              },
              "animation": null,
              "type": "Icon",
              "icon": {
                "File": "Revenant Spear\\Empty.png"
              },
              "tint": [
                1.0,
                1.0,
                1.0,
                1.0
              ],
              "zoom": 1.0,
              "round": 0.0,
              "border_size": 0.0,
              "border_color": [
                0.0,
                0.0,
                0.0,
                1.0
              ],
              "conditions": [],
              "duration_bar": false,
              "duration_text": false,
              "stacks_text": false,
              "size": [
                32.0,
                32.0
              ]
            }
          ]
        },
        {
          "enabled": true,
          "name": "Filled",
          "anchor": "Parent",
          "pos": [
            0.0,
            0.0
          ],
          "opacity": 1.0,
          "trigger": {
            "source": "Inherit",
            "threshold": {
              "threshold_type": "Always",
              "amount_type": "Intensity"
            }
          },
          "filter": {
            "player": {
              "combat": null,
              "specs": [],
              "weapons": [],
              "traits": [],
              "mounts": []
            },
            "map": {
              "category": [],
              "whitelist": true,
              "ids": []
            }
          },
          "animation": null,
          "type": "Group",
          "members": [
            {
              "enabled": true,
              "name": "1",
              "anchor": "Parent",
              "pos": [
                0.0,
                0.0
              ],
              "opacity": 1.0,
              "trigger": {
                "source": {
                  "Buff": [
                    72962
                  ]
                },
                "threshold": {
                  "threshold_type": {
                    "Above": 1.0
                  },
                  "amount_type": "Intensity"
                }
              },
              "filter": {
                "player": {
                  "combat": null,
                  "specs": [],
                  "weapons": [],
                  "traits": [],
                  "mounts": []
                },
                "map": {
                  "category": [],
                  "whitelist": true,
                  "ids": []
                }
              },
              "animation": null,
              "type": "Icon",
              "icon": {
                "File": "Revenant Spear\\Filled.png"
              },
              "tint": [
                1.0,
                1.0,
                1.0,
                1.0
              ],
              "zoom": 1.0,
              "round": 0.0,
              "border_size": 0.0,
              "border_color": [
                0.0,
                0.0,
                0.0,
                1.0
              ],
              "conditions": [],
              "duration_bar": false,
              "duration_text": false,
              "stacks_text": false,
              "size": [
                32.0,
                32.0
              ]
            },
            {
              "enabled": true,
              "name": "3",
              "anchor": "Parent",
              "pos": [
                22.0,
                0.0
              ],
              "opacity": 1.0,
              "trigger": {
                "source": {
                  "Buff": [
                    72962
                  ]
                },
                "threshold": {
                  "threshold_type": {
                    "Above": 3.0
                  },
                  "amount_type": "Intensity"
                }
              },
              "filter": {
                "player": {
                  "combat": null,
                  "specs": [],
                  "weapons": [],
                  "traits": [],
                  "mounts": []
                },
                "map": {
                  "category": [],
                  "whitelist": true,
                  "ids": []
                }
              },
              "animation": null,
              "type": "Icon",
              "icon": {
                "File": "Revenant Spear\\Filled.png"
              },
              "tint": [
                1.0,
                1.0,
                1.0,
                1.0
              ],
              "zoom": 1.0,
              "round": 0.0,
              "border_size": 0.0,
              "border_color": [
                0.0,
                0.0,
                0.0,
                1.0
              ],
              "conditions": [],
              "duration_bar": false,
              "duration_text": false,
              "stacks_text": false,
              "size": [
                32.0,
                32.0
              ]
            },
            {
              "enabled": true,
              "name": "2",
              "anchor": "Parent",
              "pos": [
                11.0,
                -10.0
              ],
              "opacity": 1.0,
              "trigger": {
                "source": {
                  "Buff": [
                    72962
                  ]
                },
                "threshold": {
                  "threshold_type": {
                    "Above": 2.0
                  },
                  "amount_type": "Intensity"
                }
              },
              "filter": {
                "player": {
                  "combat": null,
                  "specs": [],
                  "weapons": [],
                  "traits": [],
                  "mounts": []
                },
                "map": {
                  "category": [],
                  "whitelist": true,
                  "ids": []
                }
              },
              "animation": null,
              "type": "Icon",
              "icon": {
                "File": "Revenant Spear\\Filled.png"
              },
              "tint": [
                1.0,
                1.0,
                1.0,
                1.0
              ],
              "zoom": 1.0,
              "round": 0.0,
              "border_size": 0.0,
              "border_color": [
                0.0,
                0.0,
                0.0,
                1.0
              ],
              "conditions": [],
              "duration_bar": false,
              "duration_text": false,
              "stacks_text": false,
              "size": [
                32.0,
                32.0
              ]
            }
          ]
        }
      ]
    }
  ]
}